<?xml version="1.0" ?>
<manifest identifier="JVjuHUMAM9vET52oh7kTVvY9zTrxygAICAWCwBYj" version="1"
  xmlns="http://www.imsproject.org/xsd/imscp_rootv1p1p2"
  xmlns:adlcp="http://www.adlnet.org/xsd/adlcp_rootv1p2"
  xmlns:xsi="http://www.w3.org/2001/XMLSchema-instance"
  xsi:schemaLocation="http://www.imsproject.org/xsd/imscp_rootv1p1p2 imscp_rootv1p1p2.xsd
                      http://www.imsglobal.org/xsd/imsmd_rootv1p2p1 imsmd_rootv1p2p1.xsd
                      http://www.adlnet.org/xsd/adlcp_rootv1p2 adlcp_rootv1p2.xsd">
  <metadata>
    <schema>ADL SCORM</schema>
    <schemaversion>1.2</schemaversion>
    <adlcp:location>metadata.xml</adlcp:location>
  </metadata>
  <organizations default="articulate_rise">
      <organization identifier="articulate_rise">
      <title>Australian Shepherd Coat Color</title>
      <item identifier="i1" identifierref="r1" isvisible="true">
        <title>Australian Shepherd Coat Color</title>
        <adlcp:datafromlms>eyJjcHYiOiJDQVdDd0JZaiIsInJsZCI6ZmFsc2V9</adlcp:datafromlms>
      </item>
    </organization>
  </organizations>
  <resources>
    <resource identifier="r1" type="webcontent" adlcp:scormtype="sco" href="scormdriver/indexAPI.html">
      <!-- SCORMDRIVER STUFF -->
      <file href="scormdriver/indexAPI.html" />
      <file href="scormdriver/preloadIntegrity.js" />
      <file href="scormdriver/driverOptions.js" />
      <file href="scormdriver/AICCComm.html" />
      <file href="scormdriver/auto-scripts/AutoBookmark.js" />
      <file href="scormdriver/auto-scripts/AutoCompleteSCO.js" />
      <file href="scormdriver/auto-scripts/CourseExit.js" />
      <file href="scormdriver/blank.html" />
      <file href="scormdriver/goodbye.html" />
      <file href="scormdriver/scormdriver.js" />
      <file href="scormdriver/browsersniff.js" />

      <!-- RUNTIME COMMON STUFF -->
      <file href="scormcontent/index.html" />
      <file href="scormcontent/lib/main.bundle.js"/>

      
        <file href="scormcontent/lib/fonts/icomoon.ttf"/>
        <file href="scormcontent/lib/fonts/icomoon.woff"/>

        <file href="scormcontent/lib/icomoon.css"/>
        <file href="scormcontent/lib/main.bundle.css"/>
        <file href="scormcontent/lib/player-0.0.11.min.js"/>
        <file href="scormcontent/lib/lzwcompress.js"/>
      

      <!-- RUNTIME CONTENT STUFF -->
      <file href="scormcontent/lib/fonts/Raleway-Light.woff" />
<file href="scormcontent/lib/fonts/Raleway-Regular.woff" />
<file href="scormcontent/lib/fonts/Raleway-Bold.woff" />
<file href="scormcontent/lib/fonts/Raleway-Italic.woff" />
<file href="scormcontent/lib/fonts/Raleway-Black.woff" />
<file href="scormcontent/lib/fonts/Roboto-Light.woff" />
<file href="scormcontent/lib/fonts/Roboto-Regular.woff" />
<file href="scormcontent/lib/fonts/Roboto-Bold.woff" />
<file href="scormcontent/lib/fonts/Roboto-Italic.woff" />
<file href="scormcontent/lib/fonts/Roboto-Black.woff" />
<file href="scormcontent/lib/fonts/Lato-Light.woff" />
<file href="scormcontent/lib/fonts/Lato-Regular.woff" />
<file href="scormcontent/lib/fonts/Lato-Bold.woff" />
<file href="scormcontent/lib/fonts/Lato-Italic.woff" />
<file href="scormcontent/lib/fonts/Lato-Black.woff" />
<file href="scormcontent/assets/AWBTrnU-YcFWNpy-_small.png" />
<file href="scormcontent/assets/sJcvPZkyEhtIbgMy_small.png" />
<file href="scormcontent/assets/gvENH2KmrTBbGUaF_by14E3YTuz2rCUWF.png" />
<file href="scormcontent/assets/seCxRfKieKHEooRz_o7Pa0xK5E44fqJEF.jpg" />
<file href="scormcontent/assets/uIj6cbfVLhLnb_cb_W1FW8tQtSZ-I9DkM.jpg" />
<file href="scormcontent/assets/F4j6maA1bkQx7Qh9_dIvFV1Vf_B-R7EMQ.jpg" />
<file href="scormcontent/assets/9oK5ZO6nc7p-nF8A_KpyDD_KltDg2ZQ5_.jpg" />
<file href="scormcontent/assets/ZgGVX45gEe_mInIO_LgHucC-MuiIMKPdf.jpg" />
<file href="scormcontent/assets/aJ8QAqUxioCUe01D_GTLDIX9RcPGvJDQN.jpg" />
<file href="scormcontent/assets/4YKyZiZEWXEVg2nY_OprB3QiwcF2s8BBX.jpg" />
<file href="scormcontent/assets/4JPwjhsgsqVSNXFA_fcFaoiJ056gZstMo.jpg" />
<file href="scormcontent/assets/3EF5_NICQw4Spd_Q_Z0sZES4j3VFFaMPq.jpg" />
<file href="scormcontent/assets/Qk8Aleh9zxfOyBVg_UZgxTQTYdGM8gth9.jpg" />
<file href="scormcontent/assets/hJ6ANsw4t35wUlx6_yOtxK1BMMCK91QAd.jpg" />
<file href="scormcontent/assets/FBj17XLGXVc-taUS_LcmXVraENBTFyaaS.jpg" />
<file href="scormcontent/assets/DoY4MfM1bigNSFdp_xSMyMYipWBBZeIhO.jpg" />
<file href="scormcontent/assets/M6cYEJM5wxqiUleB_LM-iaJIhNNgwQ6cs.jpg" />
<file href="scormcontent/assets/7yeWkCl4HGc3kMs9_Sb4USccmHzGBb9gj.jpg" />
<file href="scormcontent/assets/VDvIEEryz6xxC3Yh_TC5kvdk3d7My-gOW.jpg" />
<file href="scormcontent/assets/O9xf7OTGW2lHmrCf_eJbeIHvuTAhx-GuX.jpg" />
<file href="scormcontent/assets/KXa74ojIffWxt94g_-BZp2TfVy3RZ8THq.jpg" />
<file href="scormcontent/assets/2Ju8ZdeCMAQ0OT39_NYe9WQ2QQiPam4L7.jpg" />
<file href="scormcontent/assets/WZb34B1r1dBt822H__d8-YWHgbSw3Wcwv.jpg" />
<file href="scormcontent/assets/k7bGsk-XvkRQX1TX_rjYpPjRBRGtUPptC.jpg" />
<file href="scormcontent/assets/r1NttDhacVJ_HbMw_oMdheb6Dsv8X9GTc.jpg" />
<file href="scormcontent/assets/95aMKsT66ti2lITI_XrbSYF6zmv2Y4kTC-recording.mp3" />
<file href="scormcontent/assets/3eFDX5cLkcPwoTOd_transcoded-Se9G6dG9oS93cqiX-Ugly%20Christmas%20Sweater%20-%20Copy-00001.png" />
<file href="scormcontent/assets/wjTQIZH_ZoPXFB1q_transcoded-Se9G6dG9oS93cqiX-Ugly%20Christmas%20Sweater%20-%20Copy.mp4" />
<file href="scormcontent/assets/8yTwBnwtDx0gWyZW_BXlJW82jR2Zi7a2R.jpg" />
<file href="scormcontent/assets/kWiI7NXCVQDHt3bP_C0MtMiyLpwmowBxH.jpg" />
<file href="scormcontent/assets/C15zb4Rh-gODerCa_5PmHjvjMNFjON3Sw.jpg" />

    </resource>
  </resources>
</manifest>
